{
  "IcoMoonType": "selection",
  "icons": [
    {
      "icon": {
        "paths": [
          "M810 274l-238 238 238 238-60 60-238-238-238 238-60-60 238-238-238-238 60-60 238 238 238-238z"
        ],
        "attrs": [
          {}
        ],
        "isMulticolor": false,
        "isMulticolor2": false,
        "tags": [
          "close"
        ],
        "grid": 24
      },
      "attrs": [
        {}
      ],
      "properties": {
        "order": 1,
        "id": 0,
        "prevSize": 24,
        "code": 59649,
        "name": "close"
      },
      "setIdx": 0,
      "setId": 13,
      "iconIdx": 0
    },
    {
      "icon": {
        "paths": [
          "M512 0c-234.667 0-426.667 192-426.667 426.667 0 315.733 388.267 580.267 401.067 588.8 8.533 4.267 17.067 8.533 25.6 8.533s17.067-4.267 25.6-8.533c12.8-8.533 401.067-273.067 401.067-588.8 0-234.667-192-426.667-426.667-426.667zM512 930.133c-81.067-59.733-341.333-273.067-341.333-503.467 0-187.733 153.6-341.333 341.333-341.333s341.333 153.6 341.333 341.333c0 230.4-260.267 443.733-341.333 503.467z",
          "M512 256c-93.867 0-170.667 76.8-170.667 170.667s76.8 170.667 170.667 170.667c93.867 0 170.667-76.8 170.667-170.667s-76.8-170.667-170.667-170.667zM512 512c-46.933 0-85.333-38.4-85.333-85.333s38.4-85.333 85.333-85.333c46.933 0 85.333 38.4 85.333 85.333s-38.4 85.333-85.333 85.333z"
        ],
        "attrs": [
          {},
          {}
        ],
        "isMulticolor": false,
        "isMulticolor2": false,
        "tags": [
          "map-pin"
        ],
        "grid": 24
      },
      "attrs": [
        {},
        {}
      ],
      "properties": {
        "order": 1,
        "id": 1,
        "name": "location",
        "prevSize": 24,
        "code": 59651
      },
      "setIdx": 1,
      "setId": 12,
      "iconIdx": 0
    },
    {
      "icon": {
        "paths": [
          "M810.667 469.333h-256v-256c0-25.6-17.067-42.667-42.667-42.667s-42.667 17.067-42.667 42.667v256h-256c-25.6 0-42.667 17.067-42.667 42.667s17.067 42.667 42.667 42.667h256v256c0 25.6 17.067 42.667 42.667 42.667s42.667-17.067 42.667-42.667v-256h256c25.6 0 42.667-17.067 42.667-42.667s-17.067-42.667-42.667-42.667z"
        ],
        "attrs": [
          {}
        ],
        "isMulticolor": false,
        "isMulticolor2": false,
        "tags": [
          "plus"
        ],
        "grid": 24
      },
      "attrs": [
        {}
      ],
      "properties": {
        "order": 1,
        "id": 0,
        "prevSize": 24,
        "code": 59650,
        "name": "plus"
      },
      "setIdx": 1,
      "setId": 12,
      "iconIdx": 1
    },
    {
      "icon": {
        "paths": [
          "M686.286 448c80.571 23.429 191.429 102.857 191.429 362.857 0 117.714-87.429 213.143-194.857 213.143h-488c-107.429 0-194.857-95.429-194.857-213.143 0-260 110.857-339.429 191.429-362.857-28.571-45.143-45.143-98.286-45.143-155.429 0-161.143 131.429-292.571 292.571-292.571s292.571 131.429 292.571 292.571c0 57.143-16.571 110.286-45.143 155.429zM438.857 73.143c-121.143 0-219.429 98.286-219.429 219.429s98.286 219.429 219.429 219.429 219.429-98.286 219.429-219.429-98.286-219.429-219.429-219.429zM682.857 950.857c66.857 0 121.714-62.286 121.714-140 0-180-60.571-292.571-173.714-298.286-51.429 45.143-118.286 72.571-192 72.571s-140.571-27.429-192-72.571c-113.143 5.714-173.714 118.286-173.714 298.286 0 77.714 54.857 140 121.714 140h488z"
        ],
        "attrs": [
          {}
        ],
        "width": 878,
        "isMulticolor": false,
        "isMulticolor2": false,
        "tags": [
          "user-o"
        ],
        "grid": 14
      },
      "attrs": [
        {}
      ],
      "properties": {
        "order": 1,
        "id": 3,
        "prevSize": 28,
        "code": 59652,
        "name": "user"
      },
      "setIdx": 6,
      "setId": 6,
      "iconIdx": 0
    },
    {
      "icon": {
        "paths": [
          "M447.938 350c-89.407 0-161.938 72.531-161.938 162 0 89.375 72.531 162.062 161.938 162.062 89.438 0 161.438-72.688 161.438-162.062-0.001-89.469-72.001-162-161.438-162zM772.625 605.062l-29.188 70.312 58.937 115.75-72.188 72.188-118.436-55.937-70.312 28.875-35.688 109.25-4.562 14.5h-102.032l-44.156-123.312-70.312-29-115.904 58.688-72.156-72.125 55.875-118.5-28.969-70.25-123.534-40.313v-101.969l123.406-44.219 28.969-70.188-51.906-102.469-6.844-13.438 72.062-72.062 118.594 55.844 70.219-29.031 35.656-109.188 4.594-14.468h102l44.188 123.469 70.125 29.031 116.062-58.813 72.125 72.062-55.875 118.406 28.875 70.345 123.75 40.25v101.938l-123.375 44.374z"
        ],
        "width": 896,
        "attrs": [],
        "isMulticolor": false,
        "isMulticolor2": false,
        "tags": [
          "gear"
        ],
        "defaultCode": 61487,
        "grid": 16
      },
      "attrs": [],
      "properties": {
        "id": 65,
        "order": 39,
        "prevSize": 32,
        "code": 61487,
        "name": "gear"
      },
      "setIdx": 8,
      "setId": 4,
      "iconIdx": 64
    },
    {
      "icon": {
        "paths": [
          "M384 864c399-314 384-425 384-512s-72-192-192-192-192 128-192 128-72-128-192-128-192 105-192 192-15 198 384 512z"
        ],
        "width": 768,
        "attrs": [],
        "isMulticolor": false,
        "isMulticolor2": false,
        "tags": [
          "heart"
        ],
        "defaultCode": 9829,
        "grid": 16
      },
      "attrs": [],
      "properties": {
        "id": 76,
        "order": 37,
        "prevSize": 32,
        "code": 9829,
        "name": "heart"
      },
      "setIdx": 8,
      "setId": 4,
      "iconIdx": 75
    },
    {
      "icon": {
        "paths": [
          "M0 384l383.75 383.75 383.75-383.75h-767.5z"
        ],
        "width": 767,
        "attrs": [],
        "isMulticolor": false,
        "isMulticolor2": false,
        "tags": [
          "triangle-down"
        ],
        "defaultCode": 61531,
        "grid": 16
      },
      "attrs": [],
      "properties": {
        "id": 169,
        "order": 40,
        "prevSize": 32,
        "code": 61531,
        "name": "triangle-down"
      },
      "setIdx": 8,
      "setId": 4,
      "iconIdx": 168
    },
    {
      "icon": {
        "paths": [
          "M711.219 891.802c13.722 13.926 13.722 36.301 0 50.125s-35.891 13.875-49.613 0l-400.896-404.89c-13.722-13.824-13.722-36.198 0-50.125l400.896-404.89c13.722-13.824 35.891-13.824 49.613 0 13.722 13.875 13.722 36.301 0 50.125l-365.619 379.853 365.619 379.802z"
        ],
        "attrs": [
          {}
        ],
        "isMulticolor": false,
        "isMulticolor2": false,
        "tags": [
          "chevron-thin-left"
        ],
        "grid": 20
      },
      "attrs": [
        {}
      ],
      "properties": {
        "order": 1,
        "id": 1,
        "prevSize": 20,
        "code": 59648,
        "name": "back"
      },
      "setIdx": 9,
      "setId": 3,
      "iconIdx": 0
    }
  ],
  "height": 1024,
  "metadata": {
    "name": "icomoon"
  },
  "preferences": {
    "showGlyphs": true,
    "showQuickUse": true,
    "showQuickUse2": true,
    "showSVGs": true,
    "fontPref": {
      "prefix": "icon-",
      "metadata": {
        "fontFamily": "icomoon"
      },
      "metrics": {
        "emSize": 1024,
        "baseline": 20.703125
      },
      "embed": false
    },
    "imagePref": {
      "prefix": "icon-",
      "png": true,
      "useClassSelector": true,
      "color": 0,
      "bgColor": 16777215,
      "classSelector": ".icon"
    },
    "historySize": 50,
    "showCodes": true,
    "gridSize": 16
  }
}